country,year,happiness_score,inflation_rate,unemployment_rate
Afghanistan,2015,3.575,-0.6600000262,9.032
Afghanistan,2016,3.360,4.3800001144,10.116
Afghanistan,2017,3.794,4.9760000000,11.184
Afghanistan,2018,3.632,0.6300000000,11.192
Afghanistan,2019,3.203,2.3020000458,11.187
Afghanistan,2020,2.567,5.4429998398,11.710
Afghanistan,2021,2.523,5.0620000000,12.006
Afghanistan,2022,2.404,10.6000000000,14.100
Afghanistan,2023,1.859,NULL,14.008
Albania,2015,4.959,1.9101791382,17.193
Albania,2016,4.655,1.2912337780,15.418
Albania,2017,4.644,1.9870000000,13.616
Albania,2018,4.586,2.0300000000,12.304
Albania,2019,4.719,1.4110000134,11.466
Albania,2020,4.883,1.6208866172,11.639
Albania,2021,5.117,2.0414716314,11.474
Albania,2022,5.199,6.7252027153,10.785
Albania,2023,5.277,5.5652238840,10.669
Algeria,2015,5.605,4.3916664124,11.206
Algeria,2016,6.355,5.8003039360,10.202
Algeria,2017,5.872,5.5910000000,12.000
Algeria,2018,5.295,3.5100000000,12.112
Algeria,2019,5.211,1.9520000219,12.302
Algeria,2020,5.005,2.4151309408,14.080
Algeria,2021,4.887,7.2260630742,13.656
Algeria,2022,5.122,9.2655155155,12.382
Algeria,2023,5.329,9.3221737593,11.645
Angola,2015,4.033,9.1590003967,16.472
Angola,2016,3.866,32.3777313232,16.572
Angola,2017,3.795,29.8440000000,16.617
Angola,2018,3.795,19.6300000000,16.602
Argentina,2015,6.574,26.5384006500,7.577
Argentina,2016,6.650,39.4000015259,8.088
Argentina,2017,6.599,25.6750000000,8.347
Argentina,2018,6.388,34.2800000000,9.220
Argentina,2019,6.086,53.5480003357,9.843
Argentina,2020,5.975,42.0150947571,11.461
Argentina,2021,5.929,48.4093800000,8.736
Argentina,2022,5.967,72.4307600000,6.805
Argentina,2023,6.024,128.4147077115,6.139
Armenia,2015,4.350,3.7309999466,18.261
Armenia,2016,4.360,-1.4060000181,17.617
Armenia,2017,4.376,1.0310000000,17.704
Armenia,2018,4.321,2.5200000000,18.966
Armenia,2019,4.559,1.4429999590,18.304
Armenia,2020,4.677,1.2114357784,18.175
Armenia,2021,5.283,7.1848362944,15.469
Armenia,2022,5.399,8.6409110897,13.451
Armenia,2023,5.342,1.9804187762,12.405
Australia,2015,7.284,1.5083678961,6.055
Australia,2016,7.313,1.2769927979,5.711
Australia,2017,7.284,1.9720000000,5.592
Australia,2018,7.272,1.9100000000,5.345
Australia,2019,7.228,1.6100000143,5.143
Australia,2020,7.223,0.8469055375,6.394
Australia,2021,7.183,2.8200000000,5.022
Australia,2022,7.162,6.5940970000,3.728
Australia,2023,7.095,5.5970149254,3.668
Austria,2015,7.200,0.8965647221,5.802
Austria,2016,7.119,0.8915959597,6.064
Austria,2017,7.006,2.2300000000,5.561
Austria,2018,7.139,2.0000000000,4.933
Austria,2019,7.246,1.4900000095,4.560
Austria,2020,7.294,1.3819106335,5.201
Austria,2021,7.268,2.7666670000,6.459
Austria,2022,7.163,8.5468700000,4.992
Austria,2023,7.097,7.8141341700,5.264
Azerbaijan,2015,5.212,4.0329375267,4.960
Azerbaijan,2016,5.291,12.4405546188,5.000
Azerbaijan,2017,5.234,12.8440000000,5.000
Azerbaijan,2018,5.201,2.3300000000,4.900
Azerbaijan,2019,5.208,2.7119998932,5.000
Azerbaijan,2020,5.165,2.7598094701,7.240
Azerbaijan,2021,5.171,6.6502991271,6.040
Azerbaijan,2022,5.173,13.8522590144,5.650
Bahrain,2015,5.960,1.8358964920,1.164
Bahrain,2016,6.218,2.7997124195,1.190
Bahrain,2017,6.087,1.3870000000,1.180
Bahrain,2018,6.105,2.0800000000,1.188
Bahrain,2019,6.199,1.0000000000,1.217
Bahrain,2020,6.227,-2.3177062933,1.765
Bahrain,2021,6.647,-0.6063193851,1.548
Bahrain,2022,6.647,3.6257410430,1.265
Bahrain,2023,6.173,0.1782938300,1.049
Bangladesh,2015,4.694,6.1859426498,4.397
Bangladesh,2016,4.643,5.5057530403,4.350
Bangladesh,2017,4.608,5.6110000000,4.372
Bangladesh,2018,4.500,5.5500000000,4.439
Bangladesh,2019,4.456,5.4749999046,4.504
Bangladesh,2020,4.833,5.6910747475,5.539
Bangladesh,2021,5.025,5.3066764050,5.457
Bangladesh,2022,5.155,7.6969543718,4.593
Bangladesh,2023,4.282,9.7833340722,3.352
Belarus,2015,5.813,13.4760866165,5.881
Belarus,2016,5.802,11.8027362823,5.844
Belarus,2017,5.569,6.0320000000,5.648
Belarus,2018,5.483,4.8700000000,4.763
Belarus,2019,5.323,5.5999999046,4.165
Belarus,2020,5.540,5.5481435746,4.049
Belarus,2021,5.534,9.4602838962,3.900
Belarus,2022,5.821,15.2096752741,3.574
Belgium,2015,6.937,0.5614306331,8.482
Belgium,2016,6.929,1.9738540649,7.830
Belgium,2017,6.891,2.2240000000,7.090
Belgium,2018,6.927,2.0500000000,5.941
Belgium,2019,6.923,1.2489999533,5.364
Belgium,2020,6.864,0.7407918122,5.545
Belgium,2021,6.834,2.4402480000,6.248
Belgium,2022,6.805,9.5975110000,5.570
Belgium,2023,6.859,4.0490107761,5.547
Belize,2016,5.956,0.6645066738,7.000
Belize,2017,5.956,1.1480000000,6.596
Belize,2018,5.956,0.2400000000,9.346
Benin,2015,3.340,0.2700000107,1.886
Benin,2016,3.484,-0.8500000238,1.834
Benin,2017,3.657,1.7690000000,1.691
Benin,2018,4.141,0.8300000000,1.426
Benin,2019,4.883,-0.9330000281,1.214
Benin,2020,5.216,3.0227211966,1.518
Benin,2021,5.045,5.9174459852,1.833
Benin,2022,4.623,1.3507786358,1.685
Benin,2023,4.374,4.4109117408,1.641
Bhutan,2015,5.253,4.5500001907,2.450
Bhutan,2016,5.196,4.3099999428,2.707
Bhutan,2017,5.011,5.5290000000,3.027
Bhutan,2018,5.082,2.7200000000,3.350
Bhutan,2019,5.082,2.5999999046,2.720
Bolivia,2015,5.890,4.0644998550,3.111
Bolivia,2016,5.822,3.6270139217,3.498
Bolivia,2017,5.823,2.8200000000,3.655
Bolivia,2018,5.752,2.2700000000,3.519
Bolivia,2019,5.779,1.8389999866,3.682
Bolivia,2020,5.747,0.9407421534,7.903
Bolivia,2021,5.716,0.7373837215,5.089
Bolivia,2022,5.600,1.7463287295,3.552
Bolivia,2023,5.684,2.5768880049,3.024
"Bosnia and Herzegovina",2015,4.949,-1.0146334171,27.695
"Bosnia and Herzegovina",2016,5.163,-1.0586487055,25.408
"Bosnia and Herzegovina",2017,5.182,0.8100000000,20.527
"Bosnia and Herzegovina",2018,5.129,1.2700000000,18.400
"Bosnia and Herzegovina",2019,5.386,0.6169999838,15.692
"Bosnia and Herzegovina",2020,5.674,-1.0512960076,15.868
"Bosnia and Herzegovina",2021,5.813,1.9816390059,14.897
"Bosnia and Herzegovina",2022,5.768,14.0208440827,12.657
"Bosnia and Herzegovina",2023,5.633,6.0980000000,10.668
Botswana,2015,4.332,3.0744602680,18.915
Botswana,2016,3.974,2.7844817638,19.328
Botswana,2017,3.766,3.2960000000,19.671
Botswana,2018,3.590,3.2200000000,19.665
Botswana,2019,3.488,2.8450000286,20.094
Botswana,2020,3.479,1.8903591682,21.017
Botswana,2021,3.467,7.2409776559,23.106
Botswana,2022,3.471,11.6655674788,23.615
Botswana,2023,3.435,5.0676154934,23.381
Brazil,2015,6.983,9.0298042297,8.538
Brazil,2016,6.952,8.7391281128,11.580
Brazil,2017,6.635,3.4460000000,12.792
Brazil,2018,6.419,3.6600000000,12.329
Brazil,2019,6.300,3.7330000401,11.936
Brazil,2020,6.376,3.2117680380,13.697
Brazil,2021,6.330,8.3016600000,13.158
Brazil,2022,6.293,9.2801070000,9.231
Brazil,2023,6.125,4.5935628228,7.947
Bulgaria,2015,4.218,-0.0978970230,9.143
Bulgaria,2016,4.217,-0.7952591181,7.575
Bulgaria,2017,4.714,1.1880000000,6.164
Bulgaria,2018,4.933,2.8100000000,5.211
Bulgaria,2019,5.011,2.4570000172,4.148
Bulgaria,2020,5.102,1.6734120143,5.037
Bulgaria,2021,5.266,2.7867325498,5.166
Bulgaria,2022,5.371,15.3252589264,4.148
Bulgaria,2023,5.466,9.4428414009,4.319
"Burkina Faso",2015,3.587,0.9499999881,4.472
"Burkina Faso",2016,3.739,-0.2399999946,4.598
"Burkina Faso",2017,4.032,0.3510000000,4.662
"Burkina Faso",2018,4.424,1.9600000000,4.695
"Burkina Faso",2019,4.587,-3.2330000401,4.493
"Burkina Faso",2020,4.769,1.8844399378,4.590
"Burkina Faso",2021,4.834,3.8480000000,4.511
"Burkina Faso",2022,4.670,14.2902354303,3.828
"Burkina Faso",2023,4.638,0.7429104287,3.601
Burundi,2015,2.905,5.5399999619,1.449
Burundi,2016,2.905,5.5599999428,1.352
Burundi,2017,2.905,16.6430000000,1.250
Burundi,2018,2.905,-2.8100000000,1.147
Burundi,2019,3.775,-0.7089999914,1.043
Burundi,2020,3.775,7.3211064342,1.030
Burundi,2021,3.775,8.3130000000,1.118
Cambodia,2015,3.819,1.2208187580,0.393
Cambodia,2016,3.907,3.0217502117,0.716
Cambodia,2017,4.168,2.9060000000,0.141
Cambodia,2018,4.433,2.3900000000,0.129
Cambodia,2019,4.700,2.0139999390,0.119
Cambodia,2020,4.848,2.9400000000,0.172
Cambodia,2021,4.830,2.9214231615,0.396
Cambodia,2022,4.640,5.3437026490,0.245
Cambodia,2023,4.393,2.1274679659,0.256
Cameroon,2015,4.252,2.6859867573,3.518
Cameroon,2016,4.513,0.8693634868,3.529
Cameroon,2017,4.695,0.6420000000,3.573
Cameroon,2018,4.975,1.0700000000,3.608
Cameroon,2019,5.044,2.4519999027,3.632
Cameroon,2020,5.085,2.4376088218,3.881
Cameroon,2021,5.142,2.2733711048,3.976
Cameroon,2022,5.048,6.2476771334,3.646
Cameroon,2023,4.973,7.3828138428,3.607
Canada,2015,7.427,1.1252452135,6.945
Canada,2016,7.404,1.4287567139,7.038
Canada,2017,7.316,1.6030000000,6.426
Canada,2018,7.328,2.2700000000,5.837
Canada,2019,7.278,1.9490000010,5.690
Canada,2020,7.232,0.7169996323,9.657
Canada,2021,7.103,3.3951930000,7.527
Canada,2022,7.025,6.8028010000,5.279
Canada,2023,6.961,3.8790015979,5.415
"Central African Republic",2015,3.678,4.5000000000,5.775
"Central African Republic",2017,2.693,4.4610000000,5.836
"Central African Republic",2018,3.083,1.6100000000,5.825
"Central African Republic",2019,3.083,2.6849999428,5.916
"Central African Republic",2020,3.476,2.3036837887,6.519
Chad,2015,3.667,6.7579998970,1.032
Chad,2016,3.763,-1.1219999790,1.091
Chad,2017,3.936,-0.8970000000,1.132
Chad,2018,4.301,4.2700000000,1.135
Chad,2019,4.350,-0.9720000029,1.077
Chad,2020,4.423,2.7969999313,1.695
Chad,2021,4.355,-0.7728443704,1.530
Chad,2022,4.251,5.7880268784,1.081
Chad,2023,4.397,10.0834360585,1.059
Chile,2015,6.670,4.3488702774,6.605
Chile,2016,6.705,3.7866592407,6.926
Chile,2017,6.652,2.1830000000,7.257
Chile,2018,6.476,2.4400000000,7.623
Chile,2019,6.444,2.2530000210,7.493
Chile,2020,6.228,3.0454908480,10.934
Chile,2021,6.172,4.5245690000,9.281
Chile,2022,6.172,11.6438700000,8.249
Chile,2023,6.334,7.5816825141,9.013
China,2015,5.140,1.4370218515,4.650
China,2016,5.245,2.0000000000,4.560
China,2017,5.273,1.5580000000,4.470
China,2018,5.246,2.0700000000,4.310
China,2019,5.191,2.9030001163,4.560
China,2020,5.124,2.4194218946,5.000
China,2021,5.339,0.9000000000,4.550
China,2022,5.585,1.9735755574,4.980
China,2023,5.818,0.2348368289,4.670
Colombia,2015,6.477,4.9902319908,8.572
Colombia,2016,6.481,7.5142898560,8.922
Colombia,2017,6.357,4.3140000000,9.086
Colombia,2018,6.260,3.2400000000,9.360
Colombia,2019,6.125,3.5209999084,10.280
Colombia,2020,6.163,2.5246205350,15.983
Colombia,2021,6.012,3.4951460000,13.898
Colombia,2022,5.781,10.1772400000,10.541
Colombia,2023,5.630,11.7359044949,9.591
Comoros,2015,3.956,2.0000000000,4.031
Comoros,2016,3.956,1.7999999523,4.117
Comoros,2019,3.973,3.7009999752,3.926
Comoros,2020,4.289,3.0000000000,4.468
Comoros,2021,4.289,-0.1760000000,4.394
Comoros,2022,4.609,11.9950000000,3.879
Comoros,2023,3.545,8.4820000000,3.833
"Costa Rica",2015,7.226,0.8019504547,8.415
"Costa Rica",2016,7.087,-0.0175552368,8.085
"Costa Rica",2017,7.079,1.6260000000,7.729
"Costa Rica",2018,7.072,2.2200000000,9.010
"Costa Rica",2019,7.167,2.0969998837,10.807
"Costa Rica",2020,7.121,0.7249114781,16.432
"Costa Rica",2021,7.069,1.7264780000,15.139
"Costa Rica",2022,6.582,8.2747749023,11.325
"Costa Rica",2023,6.609,0.5251935087,8.325
Croatia,2015,5.759,-0.4612345099,16.150
Croatia,2016,5.488,-1.1200960875,13.015
Croatia,2017,5.293,1.1290000000,11.078
Croatia,2018,5.321,1.5000000000,8.322
Croatia,2019,5.432,0.7720000148,6.551
Croatia,2020,5.505,0.2750000060,7.389
Croatia,2021,5.882,2.5545069964,7.483
Croatia,2022,6.125,10.7805806759,6.811
Croatia,2023,6.125,7.9412817759,6.121
Cyprus,2015,5.689,-2.0984785557,15.026
Cyprus,2016,5.546,-1.4275811911,13.006
Cyprus,2017,5.621,0.6810000000,11.155
Cyprus,2018,5.835,1.4300000000,8.504
Cyprus,2019,6.046,0.5559999943,7.155
Cyprus,2020,6.159,-0.6384227980,7.755
Cyprus,2021,6.223,0.4920000000,7.513
Cyprus,2022,6.221,8.3954829799,6.806
Cyprus,2023,6.130,3.5413418875,5.835
"Czech Republic",2015,6.505,0.3093655705,5.048
"Czech Republic",2016,6.596,0.6835052371,3.952
"Czech Republic",2017,6.609,2.4510000000,2.893
"Czech Republic",2018,6.711,2.1500000000,2.246
"Czech Republic",2019,6.852,2.8559999466,2.015
"Czech Republic",2020,6.911,3.1612952850,2.550
"Czech Republic",2021,6.965,3.8398450000,2.803
Denmark,2015,7.527,0.4520310760,6.278
Denmark,2016,7.526,0.2500000000,5.989
Denmark,2017,7.522,1.0580000000,5.833
Denmark,2018,7.555,0.8100000000,5.131
Denmark,2019,7.600,0.7289999723,5.018
Denmark,2020,7.646,0.4207119741,5.644
Denmark,2021,7.620,1.8530450000,5.065
Denmark,2022,7.636,7.6965670000,4.434
Denmark,2023,7.586,3.3051781124,5.094
Djibouti,2015,4.369,2.1040000916,26.063
"Dominican Republic",2015,4.885,0.8467212319,7.605
"Dominican Republic",2016,5.155,1.6253967285,7.284
"Dominican Republic",2017,5.230,3.2800000000,5.832
"Dominican Republic",2018,5.302,3.5600000000,5.861
"Dominican Republic",2019,5.425,1.8109999895,6.356
"Dominican Republic",2020,5.689,3.7810317946,6.126
"Dominican Republic",2021,5.545,8.2429207545,7.702
"Dominican Republic",2022,5.737,8.8110920928,5.504
"Dominican Republic",2023,5.569,4.7856128102,5.555
Ecuador,2015,5.975,3.9691102505,3.616
Ecuador,2016,5.976,1.7300132513,4.597
Ecuador,2017,6.008,0.4170000000,3.836
Ecuador,2018,5.973,-0.2200000000,3.530
Ecuador,2019,6.028,0.2660000026,3.812
Ecuador,2020,5.925,-0.3388723926,6.116
Ecuador,2021,5.764,0.1331700415,4.504
Ecuador,2022,5.533,3.4661697221,3.713
Ecuador,2023,5.559,2.2156876424,3.510
"El Salvador",2015,6.130,-0.7314053178,3.998
"El Salvador",2016,6.068,0.6095493436,4.418
"El Salvador",2017,6.003,1.0140000000,4.385
"El Salvador",2018,6.167,1.0900000000,4.006
"El Salvador",2019,6.253,0.0740000010,4.170
"El Salvador",2020,6.348,-0.3715902123,5.008
"El Salvador",2021,6.061,3.4669258531,4.327
"El Salvador",2022,6.120,7.1986161561,2.999
"El Salvador",2023,6.122,4.0455469422,2.992
Estonia,2015,5.429,-0.4923228025,6.412
Estonia,2016,5.517,0.1486816406,6.882
Estonia,2017,5.611,3.6510000000,5.807
Estonia,2018,5.739,3.4400000000,5.412
Estonia,2019,5.893,2.2679998875,4.514
Estonia,2020,6.022,-0.4445310977,6.956
Estonia,2021,6.189,4.6531670000,6.178
Estonia,2022,6.341,19.3982600000,5.571
Estonia,2023,6.455,9.4521767035,6.378
Ethiopia,2015,4.512,10.0840263367,2.442
Ethiopia,2016,4.508,7.2791748047,2.556
Ethiopia,2017,4.460,10.6870000000,2.665
Ethiopia,2018,4.350,13.8400000000,2.811
Ethiopia,2019,4.286,15.8100004196,2.928
Ethiopia,2020,4.186,20.3540000000,3.998
Ethiopia,2021,4.275,26.8434732384,3.935
Ethiopia,2022,4.241,34.0037595969,3.386
Ethiopia,2023,4.091,32.2953467172,3.375
Finland,2015,7.406,-0.2079282999,9.376
Finland,2016,7.413,0.3566843867,8.818
Finland,2017,7.469,0.8390000000,8.640
Finland,2018,7.632,1.0800000000,7.361
Finland,2019,7.769,1.1369999647,6.695
Finland,2020,7.809,0.2905545557,7.759
Finland,2021,7.842,2.1945740000,7.617
Finland,2022,7.821,7.1235070000,6.719
Finland,2023,7.804,6.2506432215,7.149
France,2015,6.575,0.0375128537,10.354
France,2016,6.478,0.1833358705,10.057
France,2017,6.442,1.1630000000,9.409
France,2018,6.489,1.8500000000,9.018
France,2019,6.592,1.2999999523,8.415
France,2020,6.664,0.4764988527,8.009
France,2021,6.690,1.6423310000,7.871
France,2022,6.687,5.2223670000,7.303
France,2023,6.661,4.8783572651,7.335
Gabon,2015,3.896,-0.1430000067,19.943
Gabon,2016,4.121,2.0859999657,20.117
Gabon,2017,4.465,2.6520000000,20.307
Gabon,2018,4.758,4.7800000000,20.459
Gabon,2019,4.799,2.0220000744,20.371
Gabon,2020,4.829,1.3730360697,21.279
Gabon,2021,4.852,1.0790000000,21.223
Gabon,2022,4.958,4.2312479827,20.319
Gabon,2023,5.035,3.6290153419,20.161
Georgia,2015,4.297,4.0284171104,16.506
Georgia,2016,4.252,2.1214773655,16.604
Georgia,2017,4.286,6.0350000000,13.939
Georgia,2018,4.340,2.6200000000,12.667
Georgia,2019,4.519,4.8530001640,11.565
Georgia,2020,4.673,5.2024648898,11.734
Georgia,2021,4.891,9.5669143382,11.785
Georgia,2022,4.973,11.8981654203,11.621
Georgia,2023,5.109,2.4877605658,11.549
Germany,2015,6.750,0.5144201517,4.612
Germany,2016,6.994,0.4917449951,4.104
Germany,2017,6.951,1.7110000000,3.781
Germany,2018,6.965,1.7300000000,3.384
Germany,2019,6.985,1.3459999561,3.163
Germany,2020,7.076,0.5066898900,3.881
Germany,2021,7.155,3.1429700000,3.594
Germany,2022,7.034,6.8725740000,3.137
Germany,2023,6.892,5.9464366773,3.071
Ghana,2015,4.633,17.1461944580,6.806
Ghana,2016,4.276,17.4385509491,5.256
Ghana,2017,4.120,12.3720000000,3.369
Ghana,2018,4.657,9.8400000000,3.204
Ghana,2019,4.996,7.1760001183,3.067
Ghana,2020,5.148,9.9534408704,3.178
Ghana,2021,5.088,9.9724206209,3.200
Ghana,2022,4.872,31.2558951049,2.870
Ghana,2023,4.605,38.1069656297,2.829
Greece,2015,4.857,-1.7360450029,24.981
Greece,2016,5.033,-0.8256607056,23.514
Greece,2017,5.227,1.1380000000,21.413
Greece,2018,5.358,0.6300000000,19.179
Greece,2019,5.287,0.5170000196,17.045
Greece,2020,5.515,-1.2479518770,15.899
Greece,2021,5.723,1.2238260000,14.656
Greece,2022,5.948,9.6452610000,12.426
Greece,2023,5.931,3.4648012851,11.023
Guatemala,2015,6.123,2.3888537884,2.506
Guatemala,2016,6.324,4.4514789581,2.583
Guatemala,2017,6.454,4.4250000000,2.462
Guatemala,2018,6.382,3.7500000000,2.283
Guatemala,2019,6.436,3.7000000477,2.193
Guatemala,2020,6.399,3.2144406220,2.965
Guatemala,2021,6.435,4.2610512742,2.174
Guatemala,2022,6.262,6.8851282334,3.051
Guatemala,2023,6.150,6.2663970646,2.344
Guinea,2015,3.656,8.1510000229,5.150
Guinea,2016,3.607,8.1739997864,4.997
Guinea,2017,3.507,8.9140000000,4.860
Guinea,2018,3.964,9.8300000000,4.835
Guinea,2019,4.534,9.4709997177,5.018
Guinea,2020,4.949,10.6018600008,6.007
Guinea,2021,4.984,12.5970000000,5.815
Guinea,2022,4.891,10.4930409984,5.174
Guinea,2023,5.072,7.8049759193,5.141
Haiti,2015,4.518,7.5240001678,13.785
Haiti,2016,4.028,13.3780002594,13.902
Haiti,2017,3.603,14.7380000000,13.932
Haiti,2018,3.582,12.8900000000,13.934
Haiti,2019,3.597,17.3080005646,14.095
Haiti,2020,3.721,22.7963113643,15.573
Haiti,2021,3.615,15.9410000000,15.296
Honduras,2015,4.788,3.1577389240,6.147
Honduras,2016,4.871,2.7245318890,6.727
Honduras,2017,5.181,3.9340000000,5.528
Honduras,2018,5.504,4.3400000000,5.648
Honduras,2019,5.860,4.3649997711,5.698
Honduras,2020,5.953,3.4684117795,10.982
Honduras,2021,5.919,4.4808796341,8.506
Honduras,2022,6.022,9.0896391153,8.774
Honduras,2023,6.023,6.6632518035,6.070
Hungary,2015,4.800,-0.0616456307,6.813
Hungary,2016,5.145,0.3947677612,5.115
Hungary,2017,5.324,2.4080000000,4.156
Hungary,2018,5.620,2.8500000000,3.667
Hungary,2019,5.758,3.3710000515,3.411
Hungary,2020,6.000,3.3267438577,4.248
Hungary,2021,5.992,5.1109650000,4.021
Hungary,2022,6.086,14.6081400000,3.583
Hungary,2023,6.041,17.1249659679,4.096
Iceland,2015,7.561,1.6330595016,3.979
Iceland,2016,7.501,1.6969299316,2.978
Iceland,2017,7.504,1.7610000000,2.742
Iceland,2018,7.495,2.6800000000,2.704
Iceland,2019,7.494,3.0130000114,3.507
Iceland,2020,7.504,2.8479240152,5.478
Iceland,2021,7.554,4.4442430000,6.029
Iceland,2022,7.557,8.3087540000,3.789
Iceland,2023,7.530,8.7363029994,3.518
India,2015,4.565,5.8724250793,7.629
India,2016,4.404,4.9410247803,7.611
India,2017,4.315,3.6020000000,7.626
India,2018,4.190,4.8600000000,7.652
India,2019,4.015,4.7620000839,6.510
India,2020,3.573,6.6234367763,7.859
India,2021,3.819,4.8900860000,6.380
India,2022,3.777,5.9004300000,4.822
India,2023,4.036,5.5580901353,4.172
Indonesia,2015,5.399,6.3631234169,4.514
Indonesia,2016,5.314,3.5258026123,4.301
Indonesia,2017,5.262,3.8090000000,3.783
Indonesia,2018,5.093,3.2000000000,4.387
Indonesia,2019,5.192,2.8199999332,3.590
Indonesia,2020,5.286,1.9209680057,4.255
Indonesia,2021,5.345,1.5601360000,3.827
Indonesia,2022,5.240,4.2094560000,3.462
Indonesia,2023,5.277,3.6701314238,3.308
Iraq,2015,4.677,1.3930000067,10.865
Iraq,2016,4.575,0.5249999762,10.820
Iraq,2017,4.497,0.0990000000,13.020
Iraq,2018,4.456,0.6300000000,13.458
Iraq,2019,4.437,-0.1990000010,14.096
Iraq,2020,4.785,0.5730000000,15.766
Iraq,2021,4.854,6.0418648906,16.173
Iraq,2022,4.941,4.9947659638,15.410
Iraq,2023,4.941,4.4875253890,15.239
Ireland,2015,6.940,-0.2898753583,9.908
Ireland,2016,6.907,0.0083084106,8.374
Ireland,2017,6.977,0.2510000000,6.713
Ireland,2018,6.977,0.4900000000,5.741
Ireland,2019,7.021,0.8769999743,4.950
Ireland,2020,7.094,-0.3345846254,5.623
Ireland,2021,7.085,2.3581430000,6.357
Ireland,2022,7.041,7.8073750000,4.465
Ireland,2023,6.911,6.2996215775,4.243
Israel,2015,7.278,-0.6324868798,5.176
Israel,2016,7.267,-0.5443878174,4.723
Israel,2017,7.213,0.2420000000,4.140
Israel,2018,6.814,0.8100000000,3.917
Israel,2019,7.139,0.8420000076,3.731
Israel,2020,7.129,-0.5884303000,4.169
Israel,2021,7.157,1.4922880000,4.812
Israel,2022,7.364,4.3935970000,3.695
Israel,2023,7.473,4.2253521127,3.371
Italy,2015,5.948,0.0387920178,11.896
Italy,2016,5.977,-0.0940232947,11.688
Italy,2017,5.964,1.3260000000,11.211
Italy,2018,6.000,1.1400000000,10.538
Italy,2019,6.223,0.6340000033,9.884
Italy,2020,6.387,-0.1377075739,9.192
Italy,2021,6.483,1.8737830000,9.497
Italy,2022,6.467,8.2012900000,8.069
Italy,2023,6.405,5.6221944220,7.627
Jamaica,2015,5.709,3.6777267456,8.825
Jamaica,2016,5.510,2.3525996208,8.634
Jamaica,2017,5.311,4.3830000000,7.399
Jamaica,2018,5.890,3.7300000000,5.470
Jamaica,2019,5.890,3.9100000858,4.987
Jamaica,2020,5.890,5.2267777929,6.501
Jamaica,2021,6.309,5.8599936649,5.188
Jamaica,2022,5.850,10.3495688391,4.083
Jamaica,2023,5.703,6.6189369372,3.022
Japan,2015,5.987,0.7895174026,3.385
Japan,2016,5.921,-0.1166687012,3.132
Japan,2017,5.920,0.4680000000,2.822
Japan,2018,5.915,0.9800000000,2.467
Japan,2019,5.886,0.4769999981,2.351
Japan,2020,5.871,-0.0163692912,2.809
Japan,2021,5.940,-0.2333528000,2.808
Japan,2022,6.039,2.5083330000,2.614
Japan,2023,6.129,3.2681336593,2.600
Jordan,2015,5.192,-0.8720545173,13.075
Jordan,2016,5.303,-0.7773623466,15.275
Jordan,2017,5.336,3.3240000000,18.120
Jordan,2018,5.161,4.4600000000,18.257
Jordan,2019,4.906,0.6769999862,16.801
Jordan,2020,4.633,0.3332943506,19.213
Jordan,2021,4.395,1.3468957104,19.837
Jordan,2022,4.152,4.2291556890,18.200
Jordan,2023,4.120,2.0848698633,16.620
Kazakhstan,2015,5.855,6.7204799652,4.930
Kazakhstan,2016,5.919,14.5903587341,4.960
Kazakhstan,2017,5.819,7.4290000000,4.900
Kazakhstan,2018,5.790,6.0200000000,4.850
Kazakhstan,2019,5.809,5.2439999580,4.800
Kazakhstan,2020,6.058,6.7490018382,4.890
Kazakhstan,2021,6.152,8.0020000000,5.568
Kazakhstan,2022,6.234,14.3555803249,4.860
Kazakhstan,2023,6.144,14.7168014555,4.835
Kenya,2015,4.419,6.5907716751,2.762
Kenya,2016,4.356,6.3273210526,2.757
Kenya,2017,4.553,7.9850000000,3.542
Kenya,2018,4.410,4.6900000000,4.284
Kenya,2019,4.509,5.2039999962,5.014
Kenya,2020,4.583,5.4048146718,5.613
Kenya,2021,4.607,6.1109091638,5.693
Kenya,2022,4.543,7.6568745610,5.565
Kenya,2023,4.487,7.6750000000,5.409
Kuwait,2015,6.295,3.2684464455,2.200
Kuwait,2016,6.239,2.9555461407,2.160
Kuwait,2017,6.105,1.5070000000,2.230
Kuwait,2018,6.083,0.5700000000,2.202
Kuwait,2019,6.021,1.1000000238,2.213
Kuwait,2020,6.102,1.0000000000,3.489
Kuwait,2021,6.106,3.4236294761,2.970
Kuwait,2022,6.106,4.0640271869,2.133
Latvia,2015,5.098,0.1742379963,9.873
Latvia,2016,5.560,0.1406326294,9.643
Latvia,2017,5.850,2.8940000000,8.715
Latvia,2018,5.933,2.5300000000,7.412
Latvia,2019,5.940,2.7469999790,6.312
Latvia,2020,5.950,0.2190649048,8.098
Latvia,2021,6.032,3.2758140000,7.513
Latvia,2022,6.180,17.3102900000,6.815
Latvia,2023,6.213,8.9380462332,6.465
Lebanon,2015,4.839,-3.7529959679,9.312
Lebanon,2016,5.129,-0.8159461617,9.794
Lebanon,2017,5.225,4.4760000000,10.258
Lebanon,2018,5.358,6.0700000000,10.755
Lebanon,2019,5.197,2.8949999809,11.301
Lebanon,2020,4.772,84.8643330472,13.252
Lebanon,2021,4.584,154.7586773465,12.715
Lebanon,2022,2.955,189.4364086160,11.105
Lebanon,2023,2.392,221.3416440234,10.985
Lesotho,2015,4.898,4.3000001907,16.223
Lesotho,2017,3.808,4.4590000000,16.379
Lesotho,2018,3.808,4.0100000000,16.614
Lesotho,2019,3.802,5.1890001297,16.876
Lesotho,2020,3.653,4.9780967625,18.385
Lesotho,2021,3.512,6.0486710532,18.214
Lesotho,2022,3.512,8.2718038994,16.623
Liberia,2015,4.571,7.7420001030,2.557
Liberia,2016,3.622,8.8439998627,3.081
Liberia,2017,3.533,12.4350000000,3.067
Liberia,2018,3.495,23.5600000000,3.058
Liberia,2019,3.975,26.9689998627,3.071
Liberia,2020,4.558,11.8940000534,4.102
Liberia,2021,4.625,7.8160000000,3.844
Liberia,2022,5.122,7.5930000000,2.956
Liberia,2023,4.042,2.5551767144,2.905
Libya,2015,5.754,9.8389997482,19.690
Libya,2016,5.615,25.8810005188,19.559
Libya,2017,5.525,28.4730000000,19.053
Libya,2018,5.566,-1.1960000000,18.865
Libya,2019,5.525,4.5630002022,19.087
Libya,2020,5.489,22.2560000000,19.651
Libya,2021,5.410,2.7690000000,19.779
Libya,2022,5.330,4.5100000000,19.238
Lithuania,2015,5.833,-0.8840970993,9.120
Lithuania,2016,5.813,0.9055252671,7.862
Lithuania,2017,5.902,3.7180000000,7.073
Lithuania,2018,5.952,2.7000000000,6.147
Lithuania,2019,6.149,2.2420001030,6.255
Lithuania,2020,6.215,1.1998944498,8.487
Lithuania,2021,6.255,4.6835440000,7.112
Lithuania,2022,6.446,19.7050500000,5.955
Lithuania,2023,6.763,9.1173196239,6.841
Luxembourg,2015,6.946,0.4747468531,6.796
Luxembourg,2016,6.871,0.2908325195,6.669
Luxembourg,2017,6.863,2.1110000000,5.523
Luxembourg,2018,6.910,1.5300000000,5.589
Luxembourg,2019,7.090,1.6540000439,5.592
Luxembourg,2020,7.238,0.8199573021,6.766
Luxembourg,2021,7.324,2.5269200000,5.571
Luxembourg,2022,7.404,6.3360080000,4.588
Luxembourg,2023,7.228,3.7414036198,5.184
Madagascar,2015,3.681,7.4039998055,1.785
Madagascar,2016,3.695,6.6599998474,1.949
Madagascar,2017,3.644,8.2810000000,2.123
Madagascar,2018,3.774,7.2900000000,2.303
Madagascar,2019,3.933,5.6230001450,2.479
Madagascar,2020,4.166,4.2017931219,3.292
Madagascar,2021,4.208,5.8190000000,3.498
Madagascar,2022,4.339,8.1605903199,3.186
Madagascar,2023,4.019,9.8610000000,3.044
Malawi,2015,4.292,21.8579998016,4.953
Malawi,2016,4.156,21.7269992828,5.011
Malawi,2017,3.970,11.5410000000,5.046
Malawi,2018,3.587,9.2200000000,5.021
Malawi,2019,3.410,9.3780002594,4.964
Malawi,2020,3.538,8.6255146965,5.720
Malawi,2021,3.600,9.3430000000,5.652
Malawi,2022,3.750,20.9539697300,5.020
Malawi,2023,3.495,28.7897428247,5.009
Malaysia,2015,5.770,2.1043939590,3.100
Malaysia,2016,6.005,2.0757927895,3.440
Malaysia,2017,6.084,3.7990000000,3.410
Malaysia,2018,6.322,0.9700000000,3.300
Malaysia,2019,5.339,0.6629999876,3.330
Malaysia,2020,5.384,-1.1387021539,4.540
Malaysia,2021,5.384,2.4771024147,4.640
Malaysia,2022,5.711,3.3786986255,3.930
Malaysia,2023,6.012,2.7956434555,3.858
Maldives,2020,5.198,-1.3697742557,5.420
Maldives,2021,5.198,0.5431496887,5.016
Mali,2015,3.995,1.4420000315,1.404
Mali,2016,4.073,-1.7999999523,1.367
Mali,2017,4.190,1.7640000000,1.498
Mali,2018,4.447,1.7300000000,1.620
Mali,2019,4.390,-2.8940000534,3.290
Mali,2020,4.729,0.4380889403,3.528
Mali,2021,4.723,3.9256028310,4.006
Mali,2022,4.479,9.7853937462,2.387
Mali,2023,4.198,2.0588022827,2.947
Malta,2015,6.302,1.1001049280,5.389
Malta,2016,6.488,0.6445304751,4.694
Malta,2017,6.527,1.2610000000,4.008
Malta,2018,6.627,1.1600000000,3.956
Malta,2019,6.726,1.5230000019,4.080
Malta,2020,6.773,0.6385449568,4.856
Malta,2021,6.602,1.5000000000,3.754
Malta,2022,6.447,6.1537562193,3.471
Malta,2023,6.300,5.1109271834,3.479
Mauritania,2015,4.436,0.4860000014,10.104
Mauritania,2016,4.201,1.4720000029,10.287
Mauritania,2017,4.292,2.2690000000,10.336
Mauritania,2018,4.356,3.0700000000,10.411
Mauritania,2019,4.490,2.3059999943,10.416
Mauritania,2020,4.375,2.3856948846,11.051
Mauritania,2021,4.227,3.7670000000,11.131
Mauritania,2022,4.153,9.5252662862,10.520
Mauritania,2023,4.724,4.9490000000,10.370
Mauritius,2015,5.477,1.3164892197,7.410
Mauritius,2016,5.648,0.9505532384,6.814
Mauritius,2017,5.629,3.6750000000,6.752
Mauritius,2018,5.891,3.2100000000,6.426
Mauritius,2019,5.888,0.4539999962,6.331
Mauritius,2020,6.101,2.5808007718,8.626
Mauritius,2021,6.049,4.0285288816,7.719
Mauritius,2022,6.071,10.7737512243,6.322
Mauritius,2023,5.902,7.0529823845,5.571
Mexico,2015,7.187,2.7206408978,4.311
Mexico,2016,6.778,2.8217086792,3.853
Mexico,2017,6.578,6.0410000000,3.419
Mexico,2018,6.488,4.9000000000,3.275
Mexico,2019,6.595,3.6349999905,3.477
Mexico,2020,6.465,3.3968341557,4.440
Mexico,2021,6.317,5.6892090000,4.019
Mexico,2022,6.128,7.8962760000,3.256
Mexico,2023,6.330,5.5279608731,2.765
Moldova,2015,5.889,9.6280002594,1.781
Moldova,2016,5.897,6.3819999695,1.591
Moldova,2017,5.838,6.5760000000,1.622
Moldova,2018,5.640,3.0500000000,1.239
Moldova,2019,5.529,4.8489999771,1.502
Moldova,2020,5.608,3.7659712225,1.206
Moldova,2021,5.766,5.1064112900,0.794
Moldova,2022,5.857,28.7372976766,0.909
Moldova,2023,5.819,16.8316795585,1.570
Mongolia,2015,4.874,6.5624718666,4.861
Mongolia,2016,4.907,0.7249984741,7.235
Mongolia,2017,4.955,4.6230000000,6.359
Mongolia,2018,5.125,6.8300000000,5.377
Mongolia,2019,5.285,7.2600002289,9.024
Mongolia,2020,5.456,3.6931692277,6.413
Mongolia,2021,5.677,7.0985641815,7.871
Mongolia,2022,5.761,15.1479560897,5.954
Mongolia,2023,5.840,10.3475831314,5.178
Montenegro,2015,5.192,1.5570782423,17.555
Montenegro,2016,5.161,-0.2666403949,17.732
Montenegro,2017,5.237,2.3730000000,16.082
Montenegro,2018,5.347,2.6000000000,15.190
Montenegro,2019,5.523,0.3659999967,15.128
Montenegro,2020,5.546,-0.2556556998,17.878
Montenegro,2021,5.581,2.4108019840,16.543
Montenegro,2022,5.547,13.0403036347,14.851
Montenegro,2023,5.722,8.5847691046,13.146
Morocco,2015,5.013,1.5653653145,9.460
Morocco,2016,5.151,1.6497843266,9.300
Morocco,2017,5.235,0.7540000000,9.220
Morocco,2018,5.254,1.7900000000,9.272
Morocco,2019,5.208,0.2399999946,9.191
Morocco,2020,5.095,0.7059686613,11.189
Morocco,2021,4.918,1.3988288874,10.551
Morocco,2022,5.060,6.6570420276,9.413
Morocco,2023,4.903,6.0911415250,8.896
Mozambique,2015,4.971,3.5450851917,3.426
Mozambique,2017,4.550,15.1130000000,3.935
Mozambique,2018,4.417,3.9200000000,4.210
Mozambique,2019,4.466,2.7850000858,4.462
Mozambique,2020,4.624,3.6310000420,5.019
Mozambique,2021,4.794,5.6884869913,5.413
Mozambique,2022,5.048,10.2794018093,6.789
Mozambique,2023,4.954,7.1269748213,6.661
Myanmar,2015,4.307,10.0439996719,0.766
Myanmar,2016,4.395,6.7649998665,1.058
Myanmar,2017,4.545,4.6220000000,1.356
Myanmar,2018,4.308,6.0000000000,0.767
Myanmar,2019,4.360,8.6269998550,0.407
Myanmar,2020,4.308,6.1129999161,1.476
Myanmar,2021,4.426,5.0260000000,4.340
Myanmar,2022,4.394,16.2250000000,3.063
Myanmar,2023,4.372,27.1000000000,2.977
Namibia,2016,4.574,6.6849665642,23.352
Namibia,2017,4.574,6.1470000000,21.748
Namibia,2018,4.441,4.2800000000,19.877
Namibia,2019,4.639,3.7209999561,19.929
Namibia,2020,4.571,2.2093823693,21.003
Namibia,2021,4.574,3.6169053011,20.931
Namibia,2022,4.459,6.0812811411,19.615
Namibia,2023,4.631,5.8799346328,19.154
Nepal,2015,4.514,7.2119998932,10.643
Nepal,2016,4.793,9.9320001602,10.714
Nepal,2017,4.962,4.4540000000,10.660
Nepal,2018,4.880,4.1500000000,10.593
Nepal,2019,4.913,4.6389999390,10.477
Nepal,2020,5.137,5.0523665529,13.037
Nepal,2021,5.269,3.5990000000,12.241
Nepal,2022,5.377,7.5931040507,10.661
Nepal,2023,5.360,7.1147595174,10.437
Netherlands,2015,7.378,0.6002458930,6.872
Netherlands,2016,7.339,0.3166656494,6.007
Netherlands,2017,7.377,1.2990000000,4.837
Netherlands,2018,7.441,1.7000000000,3.832
Netherlands,2019,7.488,2.6730000973,3.379
Netherlands,2020,7.449,1.2724603779,3.820
Netherlands,2021,7.464,2.6757200000,4.209
Netherlands,2022,7.415,10.0012100000,3.526
Netherlands,2023,7.403,3.8383935434,3.535
"New Zealand",2015,7.286,0.2927014828,5.415
"New Zealand",2016,7.334,0.6462402344,5.147
"New Zealand",2017,7.314,1.8540000000,4.736
"New Zealand",2018,7.324,1.6000000000,4.335
"New Zealand",2019,7.307,1.6200000048,4.109
"New Zealand",2020,7.300,1.7145617001,4.595
"New Zealand",2021,7.277,3.9410000000,3.776
"New Zealand",2022,7.200,7.1722250000,3.299
"New Zealand",2023,7.123,5.7331628303,3.734
Nicaragua,2015,5.828,3.9904587269,4.700
Nicaragua,2016,5.992,3.5203635693,3.900
Nicaragua,2017,6.071,3.8510000000,3.300
Nicaragua,2018,6.141,4.9400000000,5.200
Nicaragua,2019,6.105,5.3759999275,5.457
Nicaragua,2020,6.137,3.6818134163,6.180
Nicaragua,2021,5.972,4.9284139695,6.076
Nicaragua,2022,6.165,10.4674244466,4.969
Nicaragua,2023,6.259,9.3422832808,4.698
Niger,2015,3.845,1.0060000420,0.556
Niger,2016,3.856,0.1770000011,0.550
Niger,2017,4.028,0.1950000000,0.556
Niger,2018,4.166,3.0100000000,0.536
Niger,2019,4.628,-2.5199999809,0.531
Niger,2020,4.910,2.7620000000,0.591
Niger,2021,5.074,3.8378680284,0.806
Niger,2022,5.003,4.2262179192,0.403
Niger,2023,4.501,3.7009731643,0.407
Nigeria,2015,5.268,9.0119466782,4.134
Nigeria,2016,4.875,15.6871175766,4.499
Nigeria,2017,5.074,16.5020000000,4.830
Nigeria,2018,5.155,12.1000000000,5.069
Nigeria,2019,5.265,11.3970003128,5.206
Nigeria,2020,4.724,13.2470000000,5.714
Nigeria,2021,4.759,16.9527907834,5.404
Nigeria,2022,4.552,18.5307886743,3.827
Nigeria,2023,4.981,23.3158919213,3.074
"North Macedonia",2015,5.007,NULL,26.395
"North Macedonia",2016,5.121,NULL,24.312
"North Macedonia",2017,5.175,NULL,22.857
"North Macedonia",2018,5.185,NULL,21.208
"North Macedonia",2019,5.274,NULL,17.414
"North Macedonia",2020,5.160,NULL,16.575
"North Macedonia",2021,5.101,NULL,15.801
"North Macedonia",2022,5.199,NULL,14.476
"North Macedonia",2023,5.254,NULL,13.174
Norway,2015,7.522,2.1711366177,4.296
Norway,2016,7.498,3.5500030518,4.680
Norway,2017,7.537,1.8750000000,4.164
Norway,2018,7.594,2.7600000000,3.801
Norway,2019,7.554,2.1679999828,3.684
Norway,2020,7.488,1.2865849071,4.424
Norway,2021,7.392,3.4838810000,4.359
Norway,2022,7.365,5.7641230000,3.231
Norway,2023,7.315,5.5178498710,3.574
Oman,2015,6.853,0.0652838051,3.403
Pakistan,2015,5.194,2.5487506390,3.566
Pakistan,2016,5.132,3.7547352314,2.285
Pakistan,2017,5.269,4.1480000000,3.204
Pakistan,2018,5.472,5.0700000000,4.083
Pakistan,2019,5.653,6.7379999161,4.830
Pakistan,2020,5.693,9.7399931390,5.994
Pakistan,2021,4.934,9.4962105612,6.338
Pakistan,2022,4.516,19.8738599647,5.291
Pakistan,2023,4.555,30.7681280657,5.237
Panama,2015,6.786,0.1299208701,4.335
Panama,2016,6.701,0.7623059154,4.717
Panama,2017,6.452,0.8760000000,5.338
Panama,2018,6.430,0.7700000000,5.161
Panama,2019,6.321,-0.3549999893,6.256
Panama,2020,6.305,-1.5502754080,14.663
Panama,2021,6.180,1.6307033730,10.177
Panama,2022,6.309,2.8574828219,8.086
Panama,2023,6.265,1.4864135528,6.544
Paraguay,2015,5.878,3.1318070889,4.556
Paraguay,2016,5.538,4.0825629234,5.255
Paraguay,2017,5.493,3.6030000000,6.138
Paraguay,2018,5.681,3.9600000000,6.217
Paraguay,2019,5.743,2.7569999695,6.595
Paraguay,2020,5.692,1.7675159236,7.548
Paraguay,2021,5.653,4.7879831012,7.311
Paraguay,2022,5.578,9.7655666716,6.755
Paraguay,2023,5.738,4.6320228540,5.794
Peru,2015,5.824,3.5475518703,3.272
Peru,2016,5.743,3.5921132565,3.741
Peru,2017,5.715,2.8040000000,3.691
Peru,2018,5.663,1.3200000000,3.492
Peru,2019,5.697,2.1359999180,3.379
Peru,2020,5.797,1.8260526978,7.179
Peru,2021,5.840,4.2716638154,5.097
Peru,2022,5.559,8.3337063010,4.291
Peru,2023,5.526,6.4556134837,4.899
Philippines,2015,5.073,1.4034087658,3.068
Philippines,2016,5.279,1.8081219196,2.695
Philippines,2017,5.430,2.8530000000,2.552
Philippines,2018,5.524,5.2600000000,2.338
Philippines,2019,5.631,2.4800000191,2.237
Philippines,2020,6.006,2.6352288488,2.522
Philippines,2021,5.880,3.9271802210,3.398
Philippines,2022,5.904,5.8211581121,2.598
Philippines,2023,5.523,5.9780251554,2.200
Poland,2015,5.791,-0.8741275668,7.475
Poland,2016,5.835,-0.6647644043,6.141
Poland,2017,5.973,1.9750000000,4.867
Poland,2018,6.123,1.8100000000,3.835
Poland,2019,6.182,2.3080000877,3.267
Poland,2020,6.186,3.3744697262,3.155
Poland,2021,6.166,5.1000000000,3.268
Poland,2022,6.123,14.3000000000,2.811
Poland,2023,6.260,11.5289127961,2.743
Portugal,2015,5.102,0.4879421294,12.405
Portugal,2016,5.123,0.6073989868,11.058
Portugal,2017,5.195,1.5560000000,8.878
Portugal,2018,5.410,0.9900000000,6.966
Portugal,2019,5.693,0.3000000119,6.422
Portugal,2020,5.911,-0.0124383300,6.850
Portugal,2021,5.929,1.2656570000,6.712
Portugal,2022,6.016,7.8326910000,6.138
Portugal,2023,5.968,4.3112819190,6.498
Qatar,2015,6.611,1.8608446121,0.170
Qatar,2016,6.375,2.6812829971,0.150
Qatar,2017,6.375,0.3950000000,0.140
Qatar,2018,6.374,0.2200000000,0.110
Qatar,2019,6.374,-0.5519999862,0.100
Romania,2015,5.124,-0.6025386453,6.812
Romania,2016,5.528,-1.5521476269,5.901
Romania,2017,5.825,1.3440000000,4.927
Romania,2018,5.945,4.6400000000,4.187
Romania,2019,6.070,3.8250000477,3.912
Romania,2020,6.124,2.6310731118,5.035
Romania,2021,6.140,5.0462755023,5.590
Romania,2022,6.477,13.7954887433,5.614
Romania,2023,6.589,10.3971874765,5.589
Rwanda,2015,3.465,2.5069999695,11.831
Rwanda,2016,3.515,5.7230000496,11.788
Rwanda,2017,3.471,4.8370000000,11.875
Rwanda,2018,3.408,1.3600000000,10.759
Rwanda,2019,3.334,2.4260001183,11.236
Rwanda,2020,3.312,9.8503990227,11.829
Rwanda,2021,3.415,-0.3913467483,15.775
Rwanda,2022,3.268,17.6892095588,15.084
"Saudi Arabia",2015,6.411,1.2226930857,5.600
"Saudi Arabia",2016,6.379,2.0534744263,5.600
"Saudi Arabia",2017,6.344,-0.8520000000,5.890
"Saudi Arabia",2018,6.371,2.4700000000,6.029
"Saudi Arabia",2019,6.375,-2.0910000801,5.636
"Saudi Arabia",2020,6.406,3.4454582596,7.660
"Saudi Arabia",2021,6.494,3.0632900000,6.621
"Saudi Arabia",2022,6.523,2.4740740000,5.589
"Saudi Arabia",2023,6.463,2.3270851836,4.008
Senegal,2015,3.904,0.1289999932,6.757
Senegal,2016,4.219,0.8379999995,4.455
Senegal,2017,4.535,1.3170000000,4.078
Senegal,2018,4.631,0.4600000000,3.453
Senegal,2019,4.681,1.0199999809,2.863
Senegal,2020,4.981,2.5474346457,3.432
Senegal,2021,5.132,2.1803227809,3.436
Senegal,2022,5.046,9.6968189908,2.837
Senegal,2023,4.855,7.6675793210,2.784
Serbia,2015,5.123,1.3921638727,17.660
Serbia,2016,5.177,1.1221621037,15.257
Serbia,2017,5.395,3.1310000000,13.477
Serbia,2018,5.398,1.9500000000,12.733
Serbia,2019,5.603,1.8500000238,10.395
Serbia,2020,5.778,1.5755329008,9.011
Serbia,2021,6.078,4.0851028534,9.843
Serbia,2022,6.178,11.9815117345,8.439
Serbia,2023,6.144,12.3719043553,8.268
"Sierra Leone",2015,4.507,6.6939997673,4.483
"Sierra Leone",2016,4.635,10.8830003738,4.182
"Sierra Leone",2017,4.709,18.2200000000,3.656
"Sierra Leone",2018,4.571,16.0300000000,3.192
"Sierra Leone",2019,4.374,14.8030004501,3.204
"Sierra Leone",2020,3.926,13.4469773031,3.509
"Sierra Leone",2021,3.849,11.8740000000,3.551
"Sierra Leone",2022,3.574,27.2082883815,3.137
"Sierra Leone",2023,3.138,47.6428733253,3.092
Singapore,2015,6.798,-0.5228123069,3.790
Singapore,2016,6.739,-0.5414760113,4.080
Singapore,2017,6.572,0.5760000000,4.200
Singapore,2018,6.343,0.4500000000,3.613
Singapore,2019,6.262,0.5649999976,3.100
Singapore,2020,6.377,-0.1819166667,4.100
Singapore,2021,6.377,2.3048595904,4.640
Singapore,2022,6.480,6.1210600404,3.591
Singapore,2023,6.587,4.8214672948,3.444
Slovakia,2015,5.995,NULL,11.492
Slovakia,2016,6.078,NULL,9.679
Slovakia,2017,6.098,NULL,8.142
Slovakia,2018,6.173,NULL,6.544
Slovakia,2019,6.198,NULL,5.761
Slovakia,2020,6.281,NULL,6.719
Slovakia,2021,6.331,NULL,6.894
Slovakia,2022,6.391,NULL,6.143
Slovakia,2023,6.469,NULL,5.843
Slovenia,2015,5.848,-0.5255545378,8.962
Slovenia,2016,5.768,-0.0549998470,8.000
Slovenia,2017,5.758,1.4320000000,6.564
Slovenia,2018,5.948,1.7400000000,5.108
Slovenia,2019,6.118,1.6280000210,4.446
Slovenia,2020,6.363,-0.0548568158,4.971
Slovenia,2021,6.461,1.9170650000,4.744
Slovenia,2022,6.630,8.8336990000,4.011
Slovenia,2023,6.650,7.4468771739,3.652
Somalia,2016,5.440,NULL,18.611
Somalia,2017,5.151,NULL,18.455
Somalia,2018,4.982,NULL,18.700
Somalia,2019,4.668,NULL,18.828
"South Africa",2015,4.642,4.5092082024,25.149
"South Africa",2016,4.459,6.5946044922,26.536
"South Africa",2017,4.829,5.2730000000,27.035
"South Africa",2018,4.724,4.5000000000,26.906
"South Africa",2019,4.722,4.1300001144,28.468
"South Africa",2020,4.814,3.2238850421,29.217
"South Africa",2021,4.956,4.6090590000,34.007
"South Africa",2022,5.194,7.0397270000,33.268
"South Africa",2023,5.275,6.0739085322,32.098
"South Sudan",2016,3.832,379.8489990234,12.854
"South Sudan",2017,3.591,187.8670000000,12.983
"South Sudan",2018,3.254,83.4900000000,12.853
"South Sudan",2019,2.853,51.1870002747,12.656
"South Sudan",2020,2.817,29.6758435539,14.246
Spain,2015,6.329,-0.5004583001,22.057
Spain,2016,6.361,-0.2026748657,19.635
Spain,2017,6.403,1.9560000000,17.224
Spain,2018,6.310,1.6800000000,15.255
Spain,2019,6.354,0.6999999881,14.104
Spain,2020,6.401,-0.3226710328,15.532
Spain,2021,6.491,3.0931350000,14.914
Spain,2022,6.476,8.3905760000,13.033
Spain,2023,6.436,3.5323613349,12.179
"Sri Lanka",2015,4.271,3.7525701523,4.519
"Sri Lanka",2016,4.415,3.9747188091,4.242
"Sri Lanka",2017,4.440,6.5810000000,4.046
"Sri Lanka",2018,4.471,2.1400000000,4.318
"Sri Lanka",2019,4.366,4.3029999733,4.670
"Sri Lanka",2020,4.327,6.1539450839,5.364
"Sri Lanka",2021,4.325,7.0147807124,4.981
"Sri Lanka",2022,4.362,44.9488505936,4.528
"Sri Lanka",2023,4.442,16.5411742280,4.528
Sudan,2015,4.550,16.9099998474,14.390
Sudan,2016,4.139,17.7500000000,13.656
Sudan,2017,4.139,32.3520000000,13.000
Sudan,2018,4.139,63.2900000000,12.347
Suriname,2015,6.269,6.8959999084,7.220
Suriname,2016,6.269,55.5009994507,7.917
Eswatini,2015,4.867,4.9520001411,23.431
Eswatini,2019,4.212,2.5840001106,28.222
Eswatini,2020,4.308,4.1149997711,32.978
Eswatini,2021,4.308,3.7190000000,34.153
Sweden,2015,7.364,-0.0467844382,7.432
Sweden,2016,7.291,0.9842681885,6.990
Sweden,2017,7.284,1.8670000000,6.718
Sweden,2018,7.314,1.9500000000,6.365
Sweden,2019,7.343,1.6390000582,6.833
Sweden,2020,7.353,0.4973673189,8.291
Sweden,2021,7.363,2.1631970000,8.803
Sweden,2022,7.384,8.3692910000,7.417
Sweden,2023,7.395,8.5486248975,7.611
Switzerland,2015,7.587,-1.1438986063,4.801
Switzerland,2016,7.509,-0.4346084595,4.918
Switzerland,2017,7.494,0.5340000000,4.797
Switzerland,2018,7.487,0.9400000000,4.713
Switzerland,2019,7.480,0.3610000014,4.394
Switzerland,2020,7.560,-0.7258749333,4.817
Switzerland,2021,7.571,0.5818142000,5.013
Switzerland,2022,7.512,2.8350280000,4.122
Switzerland,2023,7.240,2.1354008802,4.043
Taiwan,2015,6.298,NULL,3.781
Taiwan,2016,6.379,NULL,3.914
Taiwan,2017,6.422,NULL,3.756
Taiwan,2018,6.441,NULL,3.713
Taiwan,2019,6.446,NULL,3.733
Taiwan,2020,6.455,NULL,3.845
Taiwan,2021,6.584,NULL,3.838
Taiwan,2022,6.512,NULL,3.540
Taiwan,2023,6.535,NULL,3.629
Tajikistan,2015,4.786,5.4722771645,7.033
Tajikistan,2016,4.996,6.0357117653,7.036
Tajikistan,2017,5.041,7.3100000000,7.035
Tajikistan,2018,5.199,3.8300000000,7.028
Tajikistan,2019,5.467,7.7930002213,7.026
Tajikistan,2020,5.556,8.5890000000,7.576
Tajikistan,2021,5.466,8.9220469418,7.687
Tajikistan,2022,5.377,6.5912349209,7.051
Tajikistan,2023,5.330,3.5002296660,7.037
Tanzania,2015,3.781,5.6066489220,2.009
Tanzania,2016,3.666,5.1787419319,1.931
Tanzania,2017,3.349,5.3210000000,1.854
Tanzania,2018,3.303,3.5100000000,1.792
Tanzania,2019,3.231,3.4489998817,1.735
Tanzania,2020,3.476,3.2902906280,1.792
Tanzania,2021,3.623,3.6899692503,1.876
Tanzania,2022,3.702,4.3502720427,1.573
Tanzania,2023,3.694,4.0285554276,1.565
Thailand,2015,6.455,-0.8994065523,0.597
Thailand,2016,6.474,0.1875140667,0.688
Thailand,2017,6.424,0.6650000000,0.830
Thailand,2018,6.072,1.0700000000,0.765
Thailand,2019,6.008,0.7059999704,0.716
Thailand,2020,5.999,-0.8459371474,1.099
Thailand,2021,5.985,1.2303954132,1.215
Thailand,2022,5.891,6.0774122843,0.940
Thailand,2023,5.843,3.8762423854,0.733
Togo,2015,2.839,1.7849999666,2.204
Togo,2016,3.303,0.8569999933,2.968
Togo,2017,3.495,-0.2150000000,3.744
Togo,2018,3.999,0.9400000000,2.900
Togo,2019,4.085,0.6869999766,2.036
Togo,2020,4.187,1.8275403852,2.231
Togo,2021,4.107,4.5515289678,2.344
Togo,2022,4.112,7.9675736162,1.965
Togo,2023,4.137,5.0590000000,1.942
"Trinidad and Tobago",2015,6.168,4.6593804359,2.428
"Trinidad and Tobago",2016,6.168,3.0941388607,3.207
"Trinidad and Tobago",2017,6.168,1.8840000000,3.389
"Trinidad and Tobago",2018,6.192,1.0300000000,3.497
"Trinidad and Tobago",2019,6.192,1.0010000467,3.523
"Trinidad and Tobago",2020,6.192,0.5989863308,4.206
Tunisia,2015,4.739,4.4469642639,15.159
Tunisia,2016,5.045,3.6077282429,15.557
Tunisia,2017,4.805,5.3088390000,15.330
Tunisia,2018,4.592,7.2700000000,15.459
Tunisia,2019,4.461,6.7220001221,17.153
Tunisia,2020,4.392,5.6341511590,17.651
Tunisia,2021,4.596,5.7063502083,16.632
Tunisia,2022,4.516,8.3064612445,15.300
Tunisia,2023,4.497,9.3289959751,15.106
Turkey,2015,5.332,7.6708498001,10.304
Turkey,2016,5.389,7.7751312256,10.899
Turkey,2017,5.500,11.1440000000,10.919
Turkey,2018,5.483,16.3300000000,10.956
Turkey,2019,5.373,15.1770000458,13.730
Turkey,2020,5.132,12.2790000000,13.148
Turkey,2021,4.948,19.5964900000,11.969
Turkey,2022,4.744,72.3088400000,10.465
Turkmenistan,2015,5.548,7.4050002098,4.016
Turkmenistan,2016,5.658,3.6459999084,4.026
Turkmenistan,2017,5.822,8.0410000000,4.035
Turkmenistan,2018,5.636,13.3000000000,4.036
Turkmenistan,2019,5.247,5.0920000076,4.035
Turkmenistan,2020,5.119,7.5830000000,4.489
Turkmenistan,2021,5.066,14.9500000000,4.458
Turkmenistan,2022,5.474,11.4760000000,4.017
Uganda,2015,3.931,3.6902787685,2.681
Uganda,2016,3.739,5.1688776016,3.002
Uganda,2017,4.081,5.6290000000,3.428
Uganda,2018,4.161,2.6200000000,3.249
Uganda,2019,4.189,2.8699998856,3.057
Uganda,2020,4.432,3.7944227490,3.819
Uganda,2021,4.636,2.2073008983,3.416
Uganda,2022,4.603,7.1957888598,2.885
Uganda,2023,4.432,5.3509480428,2.754
Ukraine,2015,4.681,48.5673599243,9.140
Ukraine,2016,4.324,13.9519662857,9.350
Ukraine,2017,4.096,14.4430000000,9.500
Ukraine,2018,4.103,10.9400000000,8.799
Ukraine,2019,4.332,7.8860001564,8.194
Ukraine,2020,4.561,2.7324920942,9.475
Ukraine,2021,4.875,9.3606250357,9.834
"United Arab Emirates",2015,6.901,4.0671319962,1.793
"United Arab Emirates",2016,6.573,1.6197954416,1.640
"United Arab Emirates",2017,6.648,1.9670000000,2.462
"United Arab Emirates",2018,6.774,3.0600000000,2.236
"United Arab Emirates",2019,6.825,-1.9309999943,2.331
"United Arab Emirates",2020,6.791,-2.0794031794,4.294
"United Arab Emirates",2021,6.561,0.1800000000,3.105
"United Arab Emirates",2022,6.576,4.8278885959,2.872
"United Arab Emirates",2023,6.571,1.6230000000,2.151
"United Kingdom",2015,6.867,0.4016079605,5.552
"United Kingdom",2016,6.725,1.0000000000,4.909
"United Kingdom",2017,6.714,2.6830000000,4.501
"United Kingdom",2018,7.190,2.3200000000,4.145
"United Kingdom",2019,7.054,1.7910000086,3.657
"United Kingdom",2020,7.165,0.9894867038,4.472
"United Kingdom",2021,7.064,2.5000000000,4.864
"United Kingdom",2022,6.943,7.9000000000,3.768
"United Kingdom",2023,6.796,6.7939670679,4.025
"United States",2015,7.119,0.1186250523,5.280
"United States",2016,7.104,1.2615814209,4.869
"United States",2017,6.993,2.1360000000,4.355
"United States",2018,6.886,2.4400000000,3.896
"United States",2019,6.892,1.8120000362,3.669
"United States",2020,6.940,1.2335843963,8.055
"United States",2021,6.951,4.6978590000,5.349
"United States",2022,6.977,8.0028000000,3.650
"United States",2023,6.894,4.1163383837,3.638
Uruguay,2015,6.485,8.6681528091,7.488
Uruguay,2016,6.545,9.6337966919,7.841
Uruguay,2017,6.454,6.2180000000,7.890
Uruguay,2018,6.379,7.6100000000,8.336
Uruguay,2019,6.293,7.8819999695,8.836
Uruguay,2020,6.440,9.7564063608,10.413
Uruguay,2021,6.431,7.7479140231,9.328
Uruguay,2022,6.474,9.1043798308,7.877
Uruguay,2023,6.494,5.8691035990,8.355
Uzbekistan,2015,6.003,8.4639997482,5.150
Uzbekistan,2016,5.987,7.9819998741,5.160
Uzbekistan,2017,5.971,13.8760000000,5.830
Uzbekistan,2018,6.096,17.6800000000,5.392
Uzbekistan,2019,6.174,14.5260000229,4.936
Uzbekistan,2020,6.258,12.8550000000,5.293
Uzbekistan,2021,6.179,10.6908666069,5.364
Uzbekistan,2022,6.063,11.4466436999,4.456
Uzbekistan,2023,6.014,9.9510000000,4.434
Vietnam,2015,5.360,0.6441816688,1.848
Vietnam,2016,5.061,2.6803965569,1.848
Vietnam,2017,5.074,3.5210000000,1.874
Vietnam,2018,5.103,3.5400000000,1.161
Vietnam,2019,5.175,2.7969999313,1.681
Vietnam,2020,5.353,3.2209343665,2.103
Vietnam,2021,5.411,1.8347155481,2.383
Vietnam,2022,5.485,3.1565074996,1.570
Vietnam,2023,5.763,3.2528928267,1.645
Zambia,2015,5.129,10.1124429703,5.951
Zambia,2016,4.795,17.8611755371,5.244
Zambia,2017,4.514,6.5770000000,4.529
Zambia,2018,4.377,7.4900000000,5.032
Zambia,2019,4.107,9.8000001907,5.538
Zambia,2020,3.759,15.7325851421,6.032
Zambia,2021,4.073,22.0207676246,5.197
Zambia,2022,3.760,10.9932039209,5.993
Zambia,2023,3.982,10.9530000000,5.861
Zimbabwe,2015,4.610,-2.4100000858,5.399
Zimbabwe,2016,4.193,-1.5659999847,5.896
Zimbabwe,2017,3.875,0.9070000000,6.350
Zimbabwe,2018,3.692,10.6100000000,6.788
Zimbabwe,2019,3.663,255.2920074463,7.373
Zimbabwe,2020,3.299,557.2100000000,8.617
Zimbabwe,2021,3.145,98.5460000000,9.540
Zimbabwe,2022,2.995,104.7051706287,10.087
Zimbabwe,2023,3.204,105.4019822643,9.348
